Workbook

Sheet DADOS_MENSAIS
A1: DASHBOARD ILUMINAÇÃO PÚBLICA · BASE DE DADOS MENSAL
A2: Campos em AZUL = entrada de dados obrigatória · Campos em PRETO = calculados automaticamente · Não altere cabeçalhos
B3: FINANCEIRO | D3: SLA 1 · Pontos de IP Acesos | G3: SLA 2 · Emergência | I3: SLA 3 · Não Emerg. | K3: SLA 4 · Sistema | M3: SLA 5 · Distribuição Satisfação (%) | Q3: SLA 5 · Contagem
B4: CMM (R$) | C4: FM | D4: Nf | E4: Ni | F4: Pt | G4: NCEi | H4: NCEa | I4: NCNEi | J4: NCNEa | K4: Dm | L4: Ti (min) | M4: % Ótimo | N4: % Bom | O4: % Regular | P4: % Ruim | Q4: Total Lig. | R4: Não Opinou
A5: Mês / Ano | B5: Contraprestação Mensal Máxima | C5: Fator de Modernização | D5: Nº Falhas Geradas | E5: Nº Interv. com Sucesso | F5: Nº Dispositivos Telegerenciados | G5: Chamados Emerg. Identificados | H5: Chamados Emerg. Atendidos | I5: Chamados N.Em. Identificados | J5: Chamados N.Em. Atendidos | K5: Dias no Mês (Dm) | L5: Tempo Inoper. Sistema (min) | M5: Ótimo (%) | N5: Bom (%) | O5: Regular (%) | P5: Ruim (%) | Q5: Total Ligações | R5: Não Opinou
A6: jan/26 | K6: 31
A7: fev/26 | K7: 28
A8: mar/26 | K8: 31
A9: abr/26 | B9: 427136.76 | C9: 0.5 | D9: 221 | E9: 0 | F9: 15879 | G9: 2 | H9: 2 | I9: 15 | J9: 15 | K9: 30 | L9: 0 | M9: 64 | N9: 36 | O9: 0 | P9: 0 | Q9: 26 | R9: 2
A10: mai/26 | K10: 31
A11: jun/26 | K11: 30
A12: jul/26 | K12: 31
A13: ago/26 | K13: 31
A14: set/26 | K14: 30
A15: out/26 | K15: 31
A16: nov/26 | K16: 30
A17: dez/26 | K17: 31
A20: ⚠ INSTRUÇÕES: 1) Preencha uma linha por mês na ordem correta · 2) Não altere os nomes das colunas nem insira linhas antes da linha 6 · 3) Formato do mês: xxx/AA (ex: jan/26, fev/26) · 4) Dias no Mês (Dm) já preenchidos automaticamente — confira se necessário

Sheet TABELAS_SLA
A1: TABELAS DE PONTUAÇÃO DOS SLAs — REFERÊNCIA DO CONTRATO
A3: SLA 1 — Percentual de Pontos IP Acesos (PPA = 1-(Nf-Ni)/Pt) [Peso: 40%]
A4: Cumprimento Mínimo | B4: Cumprimento Máximo | C4: Valor do Indicador
A5: 99,01% | B5: 100% | C5: 1
A6: 98,01% | B6: 99,00% | C6: 0.9
A7: 97,01% | B7: 98,00% | C7: 0.8
A8: 96,01% | B8: 97,00% | C8: 0.7
A9: 0,00% | B9: 96,00% | C9: 0
A12: SLA 2 — Chamados de Emergência (PCE = NCEa/NCEi) [Peso: 20%]
A13: Cumprimento Mínimo | B13: Cumprimento Máximo | C13: Valor do Indicador
A14: 93,76% | B14: 100% | C14: 1
A15: 87,51% | B15: 93,75% | C15: 0.9
A16: 81,26% | B16: 87,50% | C16: 0.8
A17: 75,01% | B17: 81,25% | C17: 0.7
A18: 0,00% | B18: 75,00% | C18: 0
A21: SLA 3 — Chamados Não Emergenciais (PCNE = NCNEa/NCNEi) [Peso: 20%]
A22: Cumprimento Mínimo | B22: Cumprimento Máximo | C22: Valor do Indicador
A23: 93,76% | B23: 100% | C23: 1
A24: 87,51% | B24: 93,75% | C24: 0.9
A25: 81,26% | B25: 87,50% | C25: 0.8
A26: 75,01% | B26: 81,25% | C26: 0.7
A27: 0,00% | B27: 75,00% | C27: 0
A30: SLA 4 — Tempo de Operação do Sistema (TOS = (1440×Dm-Ti)/(1440×Dm)) [Peso: 10%]
A31: Cumprimento Mínimo | B31: Cumprimento Máximo | C31: Valor do Indicador
A32: 99,01% | B32: 100% | C32: 1
A33: 98,01% | B33: 99,00% | C33: 0.9
A34: 97,01% | B34: 98,00% | C34: 0.8
A35: 96,01% | B35: 97,00% | C35: 0.7
A36: 0,00% | B36: 96,00% | C36: 0
A39: SLA 5 — Pesquisa de Satisfação (% Ótimo + % Bom) [Peso: 10%]
A40: Classificação | B40: Faixa | C40: Valor do Indicador
A41: Ruim | B41: SLA < 60% | C41: 0
A42: Regular | B42: 60% ≤ SLA ≤ 70% | C42: 0
A43: Bom | B43: 70% ≤ SLA ≤ 90% | C43: 0.9
A44: Ótimo | B44: SLA ≥ 90% | C44: 1
A47: FÓRMULA DO ÍNDICE DE EFICIÊNCIA: IE = (SLA1 × 0,4) + (SLA2 × 0,2) + (SLA3 × 0,2) + (SLA4 × 0,1) + (SLA5 × 0,1)
A48: FÓRMULA DA CME: CME = CMM × FM × IE

Sheet RESULTADOS
A1: RESULTADOS CALCULADOS — NÃO EDITAR MANUALMENTE · Atualizado automaticamente via DADOS_MENSAIS
B3: SLA 1 · Pontos Acesos | E3: SLA 2 · Emergência | H3: SLA 3 · Não Emerg. | K3: SLA 4 · Sistema | N3: SLA 5 | O3: IE | P3: CME
B4: PPA % | C4: Score | D4: Contrib. | E4: PCE % | F4: Score | G4: Contrib. | H4: PCNE % | I4: Score | J4: Contrib. | K4: TOS % | L4: Score | M4: Contrib. | N4: Score | O4: IE (FE) | P4: CME (R$)
A5: Mês | B5: 1-(Nf-Ni)/Pt | C5: Tabela SLA1/4 | D5: Score×0,4 | E5: NCEa/NCEi | F5: Tabela SLA2/3 | G5: Score×0,2 | H5: NCNEa/NCNEi | I5: Tabela SLA2/3 | J5: Score×0,2 | K5: (1440Dm-Ti)/(1440Dm) | L5: Tabela SLA1/4 | M5: Score×0,1 | N5: Tabela SLA5 | O5: B+D+G+J+M+(N×0,1) | P5: CMM×FM×IE
A6: =DADOS_MENSAIS!A6 | B6: =IFERROR(1-(DADOS_MENSAIS!D6-DADOS_MENSAIS!E6)/DADOS_MENSAIS!F6,"") | C6: =IFERROR(IF(B6>=0.9901,1,IF(B6>=0.9801,0.9,IF(B6>=0.9701,0.8,IF(B6>=0.9601,0.7,0)))),"") | D6: =IFERROR(C6*0.4,"") | E6: =IFERROR(DADOS_MENSAIS!H6/DADOS_MENSAIS!G6,"") | F6: =IFERROR(IF(E6>=0.9376,1,IF(E6>=0.8751,0.9,IF(E6>=0.8126,0.8,IF(E6>=0.7501,0.7,0)))),"") | G6: =IFERROR(F6*0.2,"") | H6: =IFERROR(DADOS_MENSAIS!J6/DADOS_MENSAIS!I6,"") | I6: =IFERROR(IF(H6>=0.9376,1,IF(H6>=0.8751,0.9,IF(H6>=0.8126,0.8,IF(H6>=0.7501,0.7,0)))),"") | J6: =IFERROR(I6*0.2,"") | K6: =IFERROR((1440*DADOS_MENSAIS!K6-DADOS_MENSAIS!L6)/(1440*DADOS_MENSAIS!K6),"") | L6: =IFERROR(IF(K6>=0.9901,1,IF(K6>=0.9801,0.9,IF(K6>=0.9701,0.8,IF(K6>=0.9601,0.7,0)))),"") | M6: =IFERROR(L6*0.1,"") | N6: =IFERROR(IF((DADOS_MENSAIS!M6+DADOS_MENSAIS!N6)/100>=0.9,1,IF((DADOS_MENSAIS!M6+DADOS_MENSAIS!N6)/100>=0.7,0.9,0)),"") | O6: =IFERROR(D6+G6+J6+M6+N6*0.1,"") | P6: =IFERROR(DADOS_MENSAIS!B6*DADOS_MENSAIS!C6*O6,"")
A7: =DADOS_MENSAIS!A7 | B7: =IFERROR(1-(DADOS_MENSAIS!D7-DADOS_MENSAIS!E7)/DADOS_MENSAIS!F7,"") | C7: =IFERROR(IF(B7>=0.9901,1,IF(B7>=0.9801,0.9,IF(B7>=0.9701,0.8,IF(B7>=0.9601,0.7,0)))),"") | D7: =IFERROR(C7*0.4,"") | E7: =IFERROR(DADOS_MENSAIS!H7/DADOS_MENSAIS!G7,"") | F7: =IFERROR(IF(E7>=0.9376,1,IF(E7>=0.8751,0.9,IF(E7>=0.8126,0.8,IF(E7>=0.7501,0.7,0)))),"") | G7: =IFERROR(F7*0.2,"") | H7: =IFERROR(DADOS_MENSAIS!J7/DADOS_MENSAIS!I7,"") | I7: =IFERROR(IF(H7>=0.9376,1,IF(H7>=0.8751,0.9,IF(H7>=0.8126,0.8,IF(H7>=0.7501,0.7,0)))),"") | J7: =IFERROR(I7*0.2,"") | K7: =IFERROR((1440*DADOS_MENSAIS!K7-DADOS_MENSAIS!L7)/(1440*DADOS_MENSAIS!K7),"") | L7: =IFERROR(IF(K7>=0.9901,1,IF(K7>=0.9801,0.9,IF(K7>=0.9701,0.8,IF(K7>=0.9601,0.7,0)))),"") | M7: =IFERROR(L7*0.1,"") | N7: =IFERROR(IF((DADOS_MENSAIS!M7+DADOS_MENSAIS!N7)/100>=0.9,1,IF((DADOS_MENSAIS!M7+DADOS_MENSAIS!N7)/100>=0.7,0.9,0)),"") | O7: =IFERROR(D7+G7+J7+M7+N7*0.1,"") | P7: =IFERROR(DADOS_MENSAIS!B7*DADOS_MENSAIS!C7*O7,"")
A8: =DADOS_MENSAIS!A8 | B8: =IFERROR(1-(DADOS_MENSAIS!D8-DADOS_MENSAIS!E8)/DADOS_MENSAIS!F8,"") | C8: =IFERROR(IF(B8>=0.9901,1,IF(B8>=0.9801,0.9,IF(B8>=0.9701,0.8,IF(B8>=0.9601,0.7,0)))),"") | D8: =IFERROR(C8*0.4,"") | E8: =IFERROR(DADOS_MENSAIS!H8/DADOS_MENSAIS!G8,"") | F8: =IFERROR(IF(E8>=0.9376,1,IF(E8>=0.8751,0.9,IF(E8>=0.8126,0.8,IF(E8>=0.7501,0.7,0)))),"") | G8: =IFERROR(F8*0.2,"") | H8: =IFERROR(DADOS_MENSAIS!J8/DADOS_MENSAIS!I8,"") | I8: =IFERROR(IF(H8>=0.9376,1,IF(H8>=0.8751,0.9,IF(H8>=0.8126,0.8,IF(H8>=0.7501,0.7,0)))),"") | J8: =IFERROR(I8*0.2,"") | K8: =IFERROR((1440*DADOS_MENSAIS!K8-DADOS_MENSAIS!L8)/(1440*DADOS_MENSAIS!K8),"") | L8: =IFERROR(IF(K8>=0.9901,1,IF(K8>=0.9801,0.9,IF(K8>=0.9701,0.8,IF(K8>=0.9601,0.7,0)))),"") | M8: =IFERROR(L8*0.1,"") | N8: =IFERROR(IF((DADOS_MENSAIS!M8+DADOS_MENSAIS!N8)/100>=0.9,1,IF((DADOS_MENSAIS!M8+DADOS_MENSAIS!N8)/100>=0.7,0.9,0)),"") | O8: =IFERROR(D8+G8+J8+M8+N8*0.1,"") | P8: =IFERROR(DADOS_MENSAIS!B8*DADOS_MENSAIS!C8*O8,"")
A9: =DADOS_MENSAIS!A9 | B9: =IFERROR(1-(DADOS_MENSAIS!D9-DADOS_MENSAIS!E9)/DADOS_MENSAIS!F9,"") | C9: =IFERROR(IF(B9>=0.9901,1,IF(B9>=0.9801,0.9,IF(B9>=0.9701,0.8,IF(B9>=0.9601,0.7,0)))),"") | D9: =IFERROR(C9*0.4,"") | E9: =IFERROR(DADOS_MENSAIS!H9/DADOS_MENSAIS!G9,"") | F9: =IFERROR(IF(E9>=0.9376,1,IF(E9>=0.8751,0.9,IF(E9>=0.8126,0.8,IF(E9>=0.7501,0.7,0)))),"") | G9: =IFERROR(F9*0.2,"") | H9: =IFERROR(DADOS_MENSAIS!J9/DADOS_MENSAIS!I9,"") | I9: =IFERROR(IF(H9>=0.9376,1,IF(H9>=0.8751,0.9,IF(H9>=0.8126,0.8,IF(H9>=0.7501,0.7,0)))),"") | J9: =IFERROR(I9*0.2,"") | K9: =IFERROR((1440*DADOS_MENSAIS!K9-DADOS_MENSAIS!L9)/(1440*DADOS_MENSAIS!K9),"") | L9: =IFERROR(IF(K9>=0.9901,1,IF(K9>=0.9801,0.9,IF(K9>=0.9701,0.8,IF(K9>=0.9601,0.7,0)))),"") | M9: =IFERROR(L9*0.1,"") | N9: =IFERROR(IF((DADOS_MENSAIS!M9+DADOS_MENSAIS!N9)/100>=0.9,1,IF((DADOS_MENSAIS!M9+DADOS_MENSAIS!N9)/100>=0.7,0.9,0)),"") | O9: =IFERROR(D9+G9+J9+M9+N9*0.1,"") | P9: =IFERROR(DADOS_MENSAIS!B9*DADOS_MENSAIS!C9*O9,"")
A10: =DADOS_MENSAIS!A10 | B10: =IFERROR(1-(DADOS_MENSAIS!D10-DADOS_MENSAIS!E10)/DADOS_MENSAIS!F10,"") | C10: =IFERROR(IF(B10>=0.9901,1,IF(B10>=0.9801,0.9,IF(B10>=0.9701,0.8,IF(B10>=0.9601,0.7,0)))),"") | D10: =IFERROR(C10*0.4,"") | E10: =IFERROR(DADOS_MENSAIS!H10/DADOS_MENSAIS!G10,"") | F10: =IFERROR(IF(E10>=0.9376,1,IF(E10>=0.8751,0.9,IF(E10>=0.8126,0.8,IF(E10>=0.7501,0.7,0)))),"") | G10: =IFERROR(F10*0.2,"") | H10: =IFERROR(DADOS_MENSAIS!J10/DADOS_MENSAIS!I10,"") | I10: =IFERROR(IF(H10>=0.9376,1,IF(H10>=0.8751,0.9,IF(H10>=0.8126,0.8,IF(H10>=0.7501,0.7,0)))),"") | J10: =IFERROR(I10*0.2,"") | K10: =IFERROR((1440*DADOS_MENSAIS!K10-DADOS_MENSAIS!L10)/(1440*DADOS_MENSAIS!K10),"") | L10: =IFERROR(IF(K10>=0.9901,1,IF(K10>=0.9801,0.9,IF(K10>=0.9701,0.8,IF(K10>=0.9601,0.7,0)))),"") | M10: =IFERROR(L10*0.1,"") | N10: =IFERROR(IF((DADOS_MENSAIS!M10+DADOS_MENSAIS!N10)/100>=0.9,1,IF((DADOS_MENSAIS!M10+DADOS_MENSAIS!N10)/100>=0.7,0.9,0)),"") | O10: =IFERROR(D10+G10+J10+M10+N10*0.1,"") | P10: =IFERROR(DADOS_MENSAIS!B10*DADOS_MENSAIS!C10*O10,"")
A11: =DADOS_MENSAIS!A11 | B11: =IFERROR(1-(DADOS_MENSAIS!D11-DADOS_MENSAIS!E11)/DADOS_MENSAIS!F11,"") | C11: =IFERROR(IF(B11>=0.9901,1,IF(B11>=0.9801,0.9,IF(B11>=0.9701,0.8,IF(B11>=0.9601,0.7,0)))),"") | D11: =IFERROR(C11*0.4,"") | E11: =IFERROR(DADOS_MENSAIS!H11/DADOS_MENSAIS!G11,"") | F11: =IFERROR(IF(E11>=0.9376,1,IF(E11>=0.8751,0.9,IF(E11>=0.8126,0.8,IF(E11>=0.7501,0.7,0)))),"") | G11: =IFERROR(F11*0.2,"") | H11: =IFERROR(DADOS_MENSAIS!J11/DADOS_MENSAIS!I11,"") | I11: =IFERROR(IF(H11>=0.9376,1,IF(H11>=0.8751,0.9,IF(H11>=0.8126,0.8,IF(H11>=0.7501,0.7,0)))),"") | J11: =IFERROR(I11*0.2,"") | K11: =IFERROR((1440*DADOS_MENSAIS!K11-DADOS_MENSAIS!L11)/(1440*DADOS_MENSAIS!K11),"") | L11: =IFERROR(IF(K11>=0.9901,1,IF(K11>=0.9801,0.9,IF(K11>=0.9701,0.8,IF(K11>=0.9601,0.7,0)))),"") | M11: =IFERROR(L11*0.1,"") | N11: =IFERROR(IF((DADOS_MENSAIS!M11+DADOS_MENSAIS!N11)/100>=0.9,1,IF((DADOS_MENSAIS!M11+DADOS_MENSAIS!N11)/100>=0.7,0.9,0)),"") | O11: =IFERROR(D11+G11+J11+M11+N11*0.1,"") | P11: =IFERROR(DADOS_MENSAIS!B11*DADOS_MENSAIS!C11*O11,"")
A12: =DADOS_MENSAIS!A12 | B12: =IFERROR(1-(DADOS_MENSAIS!D12-DADOS_MENSAIS!E12)/DADOS_MENSAIS!F12,"") | C12: =IFERROR(IF(B12>=0.9901,1,IF(B12>=0.9801,0.9,IF(B12>=0.9701,0.8,IF(B12>=0.9601,0.7,0)))),"") | D12: =IFERROR(C12*0.4,"") | E12: =IFERROR(DADOS_MENSAIS!H12/DADOS_MENSAIS!G12,"") | F12: =IFERROR(IF(E12>=0.9376,1,IF(E12>=0.8751,0.9,IF(E12>=0.8126,0.8,IF(E12>=0.7501,0.7,0)))),"") | G12: =IFERROR(F12*0.2,"") | H12: =IFERROR(DADOS_MENSAIS!J12/DADOS_MENSAIS!I12,"") | I12: =IFERROR(IF(H12>=0.9376,1,IF(H12>=0.8751,0.9,IF(H12>=0.8126,0.8,IF(H12>=0.7501,0.7,0)))),"") | J12: =IFERROR(I12*0.2,"") | K12: =IFERROR((1440*DADOS_MENSAIS!K12-DADOS_MENSAIS!L12)/(1440*DADOS_MENSAIS!K12),"") | L12: =IFERROR(IF(K12>=0.9901,1,IF(K12>=0.9801,0.9,IF(K12>=0.9701,0.8,IF(K12>=0.9601,0.7,0)))),"") | M12: =IFERROR(L12*0.1,"") | N12: =IFERROR(IF((DADOS_MENSAIS!M12+DADOS_MENSAIS!N12)/100>=0.9,1,IF((DADOS_MENSAIS!M12+DADOS_MENSAIS!N12)/100>=0.7,0.9,0)),"") | O12: =IFERROR(D12+G12+J12+M12+N12*0.1,"") | P12: =IFERROR(DADOS_MENSAIS!B12*DADOS_MENSAIS!C12*O12,"")
A13: =DADOS_MENSAIS!A13 | B13: =IFERROR(1-(DADOS_MENSAIS!D13-DADOS_MENSAIS!E13)/DADOS_MENSAIS!F13,"") | C13: =IFERROR(IF(B13>=0.9901,1,IF(B13>=0.9801,0.9,IF(B13>=0.9701,0.8,IF(B13>=0.9601,0.7,0)))),"") | D13: =IFERROR(C13*0.4,"") | E13: =IFERROR(DADOS_MENSAIS!H13/DADOS_MENSAIS!G13,"") | F13: =IFERROR(IF(E13>=0.9376,1,IF(E13>=0.8751,0.9,IF(E13>=0.8126,0.8,IF(E13>=0.7501,0.7,0)))),"") | G13: =IFERROR(F13*0.2,"") | H13: =IFERROR(DADOS_MENSAIS!J13/DADOS_MENSAIS!I13,"") | I13: =IFERROR(IF(H13>=0.9376,1,IF(H13>=0.8751,0.9,IF(H13>=0.8126,0.8,IF(H13>=0.7501,0.7,0)))),"") | J13: =IFERROR(I13*0.2,"") | K13: =IFERROR((1440*DADOS_MENSAIS!K13-DADOS_MENSAIS!L13)/(1440*DADOS_MENSAIS!K13),"") | L13: =IFERROR(IF(K13>=0.9901,1,IF(K13>=0.9801,0.9,IF(K13>=0.9701,0.8,IF(K13>=0.9601,0.7,0)))),"") | M13: =IFERROR(L13*0.1,"") | N13: =IFERROR(IF((DADOS_MENSAIS!M13+DADOS_MENSAIS!N13)/100>=0.9,1,IF((DADOS_MENSAIS!M13+DADOS_MENSAIS!N13)/100>=0.7,0.9,0)),"") | O13: =IFERROR(D13+G13+J13+M13+N13*0.1,"") | P13: =IFERROR(DADOS_MENSAIS!B13*DADOS_MENSAIS!C13*O13,"")
A14: =DADOS_MENSAIS!A14 | B14: =IFERROR(1-(DADOS_MENSAIS!D14-DADOS_MENSAIS!E14)/DADOS_MENSAIS!F14,"") | C14: =IFERROR(IF(B14>=0.9901,1,IF(B14>=0.9801,0.9,IF(B14>=0.9701,0.8,IF(B14>=0.9601,0.7,0)))),"") | D14: =IFERROR(C14*0.4,"") | E14: =IFERROR(DADOS_MENSAIS!H14/DADOS_MENSAIS!G14,"") | F14: =IFERROR(IF(E14>=0.9376,1,IF(E14>=0.8751,0.9,IF(E14>=0.8126,0.8,IF(E14>=0.7501,0.7,0)))),"") | G14: =IFERROR(F14*0.2,"") | H14: =IFERROR(DADOS_MENSAIS!J14/DADOS_MENSAIS!I14,"") | I14: =IFERROR(IF(H14>=0.9376,1,IF(H14>=0.8751,0.9,IF(H14>=0.8126,0.8,IF(H14>=0.7501,0.7,0)))),"") | J14: =IFERROR(I14*0.2,"") | K14: =IFERROR((1440*DADOS_MENSAIS!K14-DADOS_MENSAIS!L14)/(1440*DADOS_MENSAIS!K14),"") | L14: =IFERROR(IF(K14>=0.9901,1,IF(K14>=0.9801,0.9,IF(K14>=0.9701,0.8,IF(K14>=0.9601,0.7,0)))),"") | M14: =IFERROR(L14*0.1,"") | N14: =IFERROR(IF((DADOS_MENSAIS!M14+DADOS_MENSAIS!N14)/100>=0.9,1,IF((DADOS_MENSAIS!M14+DADOS_MENSAIS!N14)/100>=0.7,0.9,0)),"") | O14: =IFERROR(D14+G14+J14+M14+N14*0.1,"") | P14: =IFERROR(DADOS_MENSAIS!B14*DADOS_MENSAIS!C14*O14,"")
A15: =DADOS_MENSAIS!A15 | B15: =IFERROR(1-(DADOS_MENSAIS!D15-DADOS_MENSAIS!E15)/DADOS_MENSAIS!F15,"") | C15: =IFERROR(IF(B15>=0.9901,1,IF(B15>=0.9801,0.9,IF(B15>=0.9701,0.8,IF(B15>=0.9601,0.7,0)))),"") | D15: =IFERROR(C15*0.4,"") | E15: =IFERROR(DADOS_MENSAIS!H15/DADOS_MENSAIS!G15,"") | F15: =IFERROR(IF(E15>=0.9376,1,IF(E15>=0.8751,0.9,IF(E15>=0.8126,0.8,IF(E15>=0.7501,0.7,0)))),"") | G15: =IFERROR(F15*0.2,"") | H15: =IFERROR(DADOS_MENSAIS!J15/DADOS_MENSAIS!I15,"") | I15: =IFERROR(IF(H15>=0.9376,1,IF(H15>=0.8751,0.9,IF(H15>=0.8126,0.8,IF(H15>=0.7501,0.7,0)))),"") | J15: =IFERROR(I15*0.2,"") | K15: =IFERROR((1440*DADOS_MENSAIS!K15-DADOS_MENSAIS!L15)/(1440*DADOS_MENSAIS!K15),"") | L15: =IFERROR(IF(K15>=0.9901,1,IF(K15>=0.9801,0.9,IF(K15>=0.9701,0.8,IF(K15>=0.9601,0.7,0)))),"") | M15: =IFERROR(L15*0.1,"") | N15: =IFERROR(IF((DADOS_MENSAIS!M15+DADOS_MENSAIS!N15)/100>=0.9,1,IF((DADOS_MENSAIS!M15+DADOS_MENSAIS!N15)/100>=0.7,0.9,0)),"") | O15: =IFERROR(D15+G15+J15+M15+N15*0.1,"") | P15: =IFERROR(DADOS_MENSAIS!B15*DADOS_MENSAIS!C15*O15,"")
A16: =DADOS_MENSAIS!A16 | B16: =IFERROR(1-(DADOS_MENSAIS!D16-DADOS_MENSAIS!E16)/DADOS_MENSAIS!F16,"") | C16: =IFERROR(IF(B16>=0.9901,1,IF(B16>=0.9801,0.9,IF(B16>=0.9701,0.8,IF(B16>=0.9601,0.7,0)))),"") | D16: =IFERROR(C16*0.4,"") | E16: =IFERROR(DADOS_MENSAIS!H16/DADOS_MENSAIS!G16,"") | F16: =IFERROR(IF(E16>=0.9376,1,IF(E16>=0.8751,0.9,IF(E16>=0.8126,0.8,IF(E16>=0.7501,0.7,0)))),"") | G16: =IFERROR(F16*0.2,"") | H16: =IFERROR(DADOS_MENSAIS!J16/DADOS_MENSAIS!I16,"") | I16: =IFERROR(IF(H16>=0.9376,1,IF(H16>=0.8751,0.9,IF(H16>=0.8126,0.8,IF(H16>=0.7501,0.7,0)))),"") | J16: =IFERROR(I16*0.2,"") | K16: =IFERROR((1440*DADOS_MENSAIS!K16-DADOS_MENSAIS!L16)/(1440*DADOS_MENSAIS!K16),"") | L16: =IFERROR(IF(K16>=0.9901,1,IF(K16>=0.9801,0.9,IF(K16>=0.9701,0.8,IF(K16>=0.9601,0.7,0)))),"") | M16: =IFERROR(L16*0.1,"") | N16: =IFERROR(IF((DADOS_MENSAIS!M16+DADOS_MENSAIS!N16)/100>=0.9,1,IF((DADOS_MENSAIS!M16+DADOS_MENSAIS!N16)/100>=0.7,0.9,0)),"") | O16: =IFERROR(D16+G16+J16+M16+N16*0.1,"") | P16: =IFERROR(DADOS_MENSAIS!B16*DADOS_MENSAIS!C16*O16,"")
A17: =DADOS_MENSAIS!A17 | B17: =IFERROR(1-(DADOS_MENSAIS!D17-DADOS_MENSAIS!E17)/DADOS_MENSAIS!F17,"") | C17: =IFERROR(IF(B17>=0.9901,1,IF(B17>=0.9801,0.9,IF(B17>=0.9701,0.8,IF(B17>=0.9601,0.7,0)))),"") | D17: =IFERROR(C17*0.4,"") | E17: =IFERROR(DADOS_MENSAIS!H17/DADOS_MENSAIS!G17,"") | F17: =IFERROR(IF(E17>=0.9376,1,IF(E17>=0.8751,0.9,IF(E17>=0.8126,0.8,IF(E17>=0.7501,0.7,0)))),"") | G17: =IFERROR(F17*0.2,"") | H17: =IFERROR(DADOS_MENSAIS!J17/DADOS_MENSAIS!I17,"") | I17: =IFERROR(IF(H17>=0.9376,1,IF(H17>=0.8751,0.9,IF(H17>=0.8126,0.8,IF(H17>=0.7501,0.7,0)))),"") | J17: =IFERROR(I17*0.2,"") | K17: =IFERROR((1440*DADOS_MENSAIS!K17-DADOS_MENSAIS!L17)/(1440*DADOS_MENSAIS!K17),"") | L17: =IFERROR(IF(K17>=0.9901,1,IF(K17>=0.9801,0.9,IF(K17>=0.9701,0.8,IF(K17>=0.9601,0.7,0)))),"") | M17: =IFERROR(L17*0.1,"") | N17: =IFERROR(IF((DADOS_MENSAIS!M17+DADOS_MENSAIS!N17)/100>=0.9,1,IF((DADOS_MENSAIS!M17+DADOS_MENSAIS!N17)/100>=0.7,0.9,0)),"") | O17: =IFERROR(D17+G17+J17+M17+N17*0.1,"") | P17: =IFERROR(DADOS_MENSAIS!B17*DADOS_MENSAIS!C17*O17,"")

Sheet EVOLUÇÃO_ANUAL
A1: EVOLUÇÃO ANUAL 2026 — RESUMO PARA ANÁLISE GERENCIAL
A2: Mês | B2: IE (FE) | C2: CME (R$) | D2: Score SLA1 | E2: Score SLA2 | F2: Score SLA3 | G2: Score SLA4 | H2: Score SLA5
A3: =DADOS_MENSAIS!A6 | B3: =IFERROR(RESULTADOS!O6,"") | C3: =IFERROR(RESULTADOS!P6,"") | D3: =IFERROR(RESULTADOS!C6,"") | E3: =IFERROR(RESULTADOS!F6,"") | F3: =IFERROR(RESULTADOS!I6,"") | G3: =IFERROR(RESULTADOS!L6,"") | H3: =IFERROR(RESULTADOS!N6,"")
A4: =DADOS_MENSAIS!A7 | B4: =IFERROR(RESULTADOS!O7,"") | C4: =IFERROR(RESULTADOS!P7,"") | D4: =IFERROR(RESULTADOS!C7,"") | E4: =IFERROR(RESULTADOS!F7,"") | F4: =IFERROR(RESULTADOS!I7,"") | G4: =IFERROR(RESULTADOS!L7,"") | H4: =IFERROR(RESULTADOS!N7,"")
A5: =DADOS_MENSAIS!A8 | B5: =IFERROR(RESULTADOS!O8,"") | C5: =IFERROR(RESULTADOS!P8,"") | D5: =IFERROR(RESULTADOS!C8,"") | E5: =IFERROR(RESULTADOS!F8,"") | F5: =IFERROR(RESULTADOS!I8,"") | G5: =IFERROR(RESULTADOS!L8,"") | H5: =IFERROR(RESULTADOS!N8,"")
A6: =DADOS_MENSAIS!A9 | B6: =IFERROR(RESULTADOS!O9,"") | C6: =IFERROR(RESULTADOS!P9,"") | D6: =IFERROR(RESULTADOS!C9,"") | E6: =IFERROR(RESULTADOS!F9,"") | F6: =IFERROR(RESULTADOS!I9,"") | G6: =IFERROR(RESULTADOS!L9,"") | H6: =IFERROR(RESULTADOS!N9,"")
A7: =DADOS_MENSAIS!A10 | B7: =IFERROR(RESULTADOS!O10,"") | C7: =IFERROR(RESULTADOS!P10,"") | D7: =IFERROR(RESULTADOS!C10,"") | E7: =IFERROR(RESULTADOS!F10,"") | F7: =IFERROR(RESULTADOS!I10,"") | G7: =IFERROR(RESULTADOS!L10,"") | H7: =IFERROR(RESULTADOS!N10,"")
A8: =DADOS_MENSAIS!A11 | B8: =IFERROR(RESULTADOS!O11,"") | C8: =IFERROR(RESULTADOS!P11,"") | D8: =IFERROR(RESULTADOS!C11,"") | E8: =IFERROR(RESULTADOS!F11,"") | F8: =IFERROR(RESULTADOS!I11,"") | G8: =IFERROR(RESULTADOS!L11,"") | H8: =IFERROR(RESULTADOS!N11,"")
A9: =DADOS_MENSAIS!A12 | B9: =IFERROR(RESULTADOS!O12,"") | C9: =IFERROR(RESULTADOS!P12,"") | D9: =IFERROR(RESULTADOS!C12,"") | E9: =IFERROR(RESULTADOS!F12,"") | F9: =IFERROR(RESULTADOS!I12,"") | G9: =IFERROR(RESULTADOS!L12,"") | H9: =IFERROR(RESULTADOS!N12,"")
A10: =DADOS_MENSAIS!A13 | B10: =IFERROR(RESULTADOS!O13,"") | C10: =IFERROR(RESULTADOS!P13,"") | D10: =IFERROR(RESULTADOS!C13,"") | E10: =IFERROR(RESULTADOS!F13,"") | F10: =IFERROR(RESULTADOS!I13,"") | G10: =IFERROR(RESULTADOS!L13,"") | H10: =IFERROR(RESULTADOS!N13,"")
A11: =DADOS_MENSAIS!A14 | B11: =IFERROR(RESULTADOS!O14,"") | C11: =IFERROR(RESULTADOS!P14,"") | D11: =IFERROR(RESULTADOS!C14,"") | E11: =IFERROR(RESULTADOS!F14,"") | F11: =IFERROR(RESULTADOS!I14,"") | G11: =IFERROR(RESULTADOS!L14,"") | H11: =IFERROR(RESULTADOS!N14,"")
A12: =DADOS_MENSAIS!A15 | B12: =IFERROR(RESULTADOS!O15,"") | C12: =IFERROR(RESULTADOS!P15,"") | D12: =IFERROR(RESULTADOS!C15,"") | E12: =IFERROR(RESULTADOS!F15,"") | F12: =IFERROR(RESULTADOS!I15,"") | G12: =IFERROR(RESULTADOS!L15,"") | H12: =IFERROR(RESULTADOS!N15,"")
A13: =DADOS_MENSAIS!A16 | B13: =IFERROR(RESULTADOS!O16,"") | C13: =IFERROR(RESULTADOS!P16,"") | D13: =IFERROR(RESULTADOS!C16,"") | E13: =IFERROR(RESULTADOS!F16,"") | F13: =IFERROR(RESULTADOS!I16,"") | G13: =IFERROR(RESULTADOS!L16,"") | H13: =IFERROR(RESULTADOS!N16,"")
A14: =DADOS_MENSAIS!A17 | B14: =IFERROR(RESULTADOS!O17,"") | C14: =IFERROR(RESULTADOS!P17,"") | D14: =IFERROR(RESULTADOS!C17,"") | E14: =IFERROR(RESULTADOS!F17,"") | F14: =IFERROR(RESULTADOS!I17,"") | G14: =IFERROR(RESULTADOS!L17,"") | H14: =IFERROR(RESULTADOS!N17,"")
A16: MÉDIA 2026 | B16: =IFERROR(AVERAGE(B3:B14),"") | C16: =IFERROR(AVERAGE(C3:C14),"") | D16: =IFERROR(AVERAGE(D3:D14),"") | E16: =IFERROR(AVERAGE(E3:E14),"") | F16: =IFERROR(AVERAGE(F3:F14),"") | G16: =IFERROR(AVERAGE(G3:G14),"") | H16: =IFERROR(AVERAGE(H3:H14),"")
